name,SPDXID,purl,src_purl,api_url,package_home_url,downloadLocation,Result,Luis' Comments,Philippe's notes,Rationale,Git Activity,Active devs (last 12 months),SLOC (only code),User Base (Massive = >1M downloads/week),Runtime (direct) Deps,Declared License,Pre or Post install scripts,NPM Maintainers are active,Maintainers domains are active
@types/node-fetch,SPDXRef-Package-types-node-fetch-174,pkg:npm/%40types/node-fetch,pkg:github/DefinitelyTyped/DefinitelyTyped#types/node-fetch,https://registry.npmjs.org/@types/node-fetch,https://www.npmjs.com/package/@types/node-fetch,https://github.com/DefinitelyTyped/DefinitelyTyped/tree/master/types/node-fetch,To be evaluated,Shared repo,"This a big mono repo, so the repo activity should be focused only on the actual actvity of that package not the whole repo. See https://github.com/DefinitelyTyped/DefinitelyTyped/tree/master/types/node-fetch ... I woudlr econsider qualification. Binary is qualification is likely not enough, here we have something that could be an issue",,One commit in the last 12 months,?,1K,?,2,Yes,No,Yes,Yes
moment,SPDXRef-Package-moment-752,pkg:npm/moment,pkg:github/moment/moment,https://registry.npmjs.org/moment,https://www.npmjs.com/package/moment,https://github.com/moment/moment,Unhealthy,"they promised to patch critical security issues, there is no active proactive bug hunting, no refactoring for modern performance, and no architectural upgrades

they also say ""In most cases, you should not choose Moment for new projects.""","moment for instance is finished, not unhealthy, https://momentjs.com/docs/#/-project-status/
and only under security maintainance high downloads, low activity, likely responsive team to fix security bugs, and maintained in a foundation... so IMHO not healthy, but concerning and better passed or replaced",,No activity in more than 2 years,0,300K,Massive,0,Yes,No,?,Yes
fast-json-stable-stringify,SPDXRef-Package-fast-json-stable-stringify-467,pkg:npm/fast-json-stable-stringify,pkg:github/epoberezkin/fast-json-stable-stringify,https://registry.npmjs.org/fast-json-stable-stringify,https://www.npmjs.com/package/fast-json-stable-stringify,https://github.com/epoberezkin/fast-json-stable-stringify,Unhealthy,,,,No activity in more than 4 years,0,200,Massive,0,Yes,No,?,Yes
b4a,SPDXRef-Package-b4a-240,pkg:npm/b4a,pkg:github/holepunchto/b4a,https://registry.npmjs.org/b4a,https://www.npmjs.com/package/b4a,https://github.com/holepunchto/b4a,Healthy,,,,Low activity. A commit per month.,2,2K,Massive,,,,,Yes
js-tokens,SPDXRef-Package-js-tokens-667,pkg:npm/js-tokens,pkg:github/lydell/js-tokens,https://registry.npmjs.org/js-tokens,https://www.npmjs.com/package/js-tokens,https://github.com/lydell/js-tokens,Healthy,,,,Low activity. A commit per month.,2,3K,Massive,0,Yes,No,?,Yes
array-union,SPDXRef-Package-array-union-218,pkg:npm/array-union,pkg:github/sindresorhus/array-union,https://registry.npmjs.org/array-union,https://www.npmjs.com/package/array-union,https://github.com/sindresorhus/array-union,Unhealthy,,,,No activity in 5 years,0,500,Massive,0,Yes,No,?,Yes
promzard,SPDXRef-Package-promzard-867,pkg:npm/promzard,pkg:github/npm/promzard,https://registry.npmjs.org/promzard,https://www.npmjs.com/package/promzard,https://github.com/npm/promzard,Healthy,,,,Active. Recent commit.,1,500,Massive,1,Yes,No,?,Yes
errorhandler,SPDXRef-Package-errorhandler-420,pkg:npm/errorhandler,pkg:github/expressjs/errorhandler,https://registry.npmjs.org/errorhandler,https://www.npmjs.com/package/errorhandler,https://github.com/expressjs/errorhandler,Healthy,,,,Low activity. A commit per month.,2,500,Medium. 1K dependents,2,Yes,?,?,Yes
create-require,SPDXRef-Package-create-require-351,pkg:npm/create-require,pkg:github/nuxt-contrib/create-require,https://registry.npmjs.org/create-require,https://www.npmjs.com/package/create-require,https://github.com/nuxt-contrib/create-require,Unhealthy,,,,No activity in 6 years,0,50,Massive,0,Yes,No,?,Yes
commander,SPDXRef-Package-commander-328,pkg:npm/commander,pkg:github/tj/commander.js,https://registry.npmjs.org/commander,https://www.npmjs.com/package/commander,https://github.com/tj/commander.js,Healthy,,,,Active,8,15K,Massive,0,Yes,No,?,Yes
lcid,SPDXRef-Package-lcid-692,pkg:npm/lcid,pkg:github/sindresorhus/lcid,https://registry.npmjs.org/lcid,https://www.npmjs.com/package/lcid,https://github.com/sindresorhus/lcid,Unhealthy,"No bad smell in activity, but the repo has a runtime dep",,,No activity in 2 years,0,60,Massive,1,Yes,No,?,Yes
tiny-relative-date,SPDXRef-Package-tiny-relative-date-1041,pkg:npm/tiny-relative-date,pkg:github/wildlyinaccurate/relative-date,https://registry.npmjs.org/tiny-relative-date,https://www.npmjs.com/package/tiny-relative-date,https://github.com/wildlyinaccurate/relative-date,Healthy,,,,No activity in 1 year,0,500,Medium.,0,Yes,No,?,Yes
repeat-element,SPDXRef-Package-repeat-element-921,pkg:npm/repeat-element,pkg:github/jonschlinkert/repeat-element,https://registry.npmjs.org/repeat-element,https://www.npmjs.com/package/repeat-element,https://github.com/jonschlinkert/repeat-element,Unhealthy,,,,No activity in 5 years,0,300,Medium.,0,Yes,No,?,Yes
bn.js,SPDXRef-Package-bn.js-265,pkg:npm/bn.js,pkg:github/indutny/bn.js,https://registry.npmjs.org/bn.js,https://www.npmjs.com/package/bn.js,https://github.com/indutny/bn.js,Healthy,,,,Low activity. Last commit 4 months ago,1,5.1K,Massive,0,Yes,No,?,Yes
morgan,SPDXRef-Package-morgan-754,pkg:npm/morgan,pkg:github/expressjs/morgan,https://registry.npmjs.org/morgan,https://www.npmjs.com/package/morgan,https://github.com/expressjs/morgan,Healthy,,,,Active,5,1.7K,Massive,5,Yes,No,?,Yes
flat-cache,SPDXRef-Package-flat-cache-485,pkg:npm/flat-cache,pkg:github/jaredwray/cacheable,https://registry.npmjs.org/flat-cache,https://www.npmjs.com/package/flat-cache,https://github.com/jaredwray/cacheable/tree/main/packages/flat-cache,To be evaluated,shared repository,,,Last commit 7 months ago,Single dev. project,~ 1K,?,3,Yes,No,?,Yes
require-directory,SPDXRef-Package-require-directory-925,pkg:npm/require-directory,pkg:github/troygoode/node-require-directory,https://registry.npmjs.org/require-directory,https://www.npmjs.com/package/require-directory,https://github.com/troygoode/node-require-directory,Unhealthy,,,,No activity in 10 years,0,190,Medium. >3K dependents,0,Yes,No,?,Yes
call-bound,SPDXRef-Package-call-bound-289,pkg:npm/call-bound,pkg:github/ljharb/call-bound,https://registry.npmjs.org/call-bound,https://www.npmjs.com/package/call-bound,https://github.com/ljharb/call-bound,Healthy,,,,No activity in 14 months,0,130,Massive,2,Yes,No,?,Yes
array-unique,SPDXRef-Package-array-unique-220,pkg:npm/array-unique,pkg:github/jonschlinkert/array-unique,https://registry.npmjs.org/array-unique,https://www.npmjs.com/package/array-unique,https://github.com/jonschlinkert/array-unique,Unhealthy,,,,No activity in 10 years,0,270,Medium. ,0,Yes,No,?,Yes
prop-types,SPDXRef-Package-prop-types-868,pkg:npm/prop-types,pkg:github/facebook/prop-types,https://registry.npmjs.org/prop-types,https://www.npmjs.com/package/prop-types,https://github.com/facebook/prop-types,Unhealthy,Archived project,,,No activity in 3 years,0,5K,Massive,3,Yes,No,?,Yes
path-to-regexp,SPDXRef-Package-path-to-regexp-839,pkg:npm/path-to-regexp,pkg:github/pillarjs/path-to-regexp,https://registry.npmjs.org/path-to-regexp,https://www.npmjs.com/package/path-to-regexp,https://github.com/pillarjs/path-to-regexp,Healthy,,,,Active in the last 6 months,3,2.1K,Massive.,0,Yes,No,?,Yes
has-values,SPDXRef-Package-has-values-543,pkg:npm/has-values,pkg:github/jonschlinkert/has-values,https://registry.npmjs.org/has-values,https://www.npmjs.com/package/has-values,https://github.com/jonschlinkert/has-values,Unhealthy,,,,No activity in 9 years,0,240,Medium,1,Yes,No,?,Yes
lodash.isplainobject,SPDXRef-Package-lodash.isplainobject-707,pkg:npm/lodash.isplainobject,pkg:github/lodash/lodash,https://registry.npmjs.org/lodash.isplainobject,https://www.npmjs.com/package/lodash.isplainobject,https://github.com/lodash/lodash,To be evaluated,Shared repo,,,,,,,,,,,
retry,SPDXRef-Package-retry-936,pkg:npm/retry,pkg:github/tim-kos/node-retry,https://registry.npmjs.org/retry,https://www.npmjs.com/package/retry,https://github.com/tim-kos/node-retry,Unhealthy,,,,No activity in 4 years,0,700,Massive,0,Yes,No,?,Yes
invariant,SPDXRef-Package-invariant-583,pkg:npm/invariant,pkg:github/zertosh/invariant,https://registry.npmjs.org/invariant,https://www.npmjs.com/package/invariant,https://github.com/zertosh/invariant,Unhealthy,,,,No activity in 5 years,0,120,Massive,1,Yes,No,?,Yes
import-fresh,SPDXRef-Package-import-fresh-570,pkg:npm/import-fresh,pkg:github/sindresorhus/import-fresh,https://registry.npmjs.org/import-fresh,https://www.npmjs.com/package/import-fresh,https://github.com/sindresorhus/import-fresh,Healthy,,,,Low activity. Last commit 4 months ago,1,2K,Massive,0,Yes,No,?,Yes
react-redux,SPDXRef-Package-react-redux-893,pkg:npm/react-redux,pkg:github/reduxjs/react-redux,https://registry.npmjs.org/react-redux,https://www.npmjs.com/package/react-redux,https://github.com/reduxjs/react-redux,Healthy,,,,Highly active,4,10K,Massive,2,Yes,No,?,Yes
@nicolo-ribaudo/semver-v6,SPDXRef-Package-nicolo-ribaudo-semver-v6-101,pkg:npm/%40nicolo-ribaudo/semver-v6,pkg:github/nicolo-ribaudo/semver-v6,https://registry.npmjs.org/@nicolo-ribaudo/semver-v6,https://www.npmjs.com/package/@nicolo-ribaudo/semver-v6,https://github.com/nicolo-ribaudo/semver-v6,Unhealthy,,,,No activity in 3 years,0,3K,Massive,0,Yes,No,?,Yes
yamljs,SPDXRef-Package-yamljs-1141,pkg:npm/yamljs,pkg:github/jeremyfa/yaml.js,https://registry.npmjs.org/yamljs,https://www.npmjs.com/package/yamljs,https://github.com/jeremyfa/yaml.js,Unhealthy,Very unhealthy. YAML parsing in JavaScript is notoriously dangerous.,,,No activity in 6 years,0,11.5K,Massive,2,Yes,No,?,Yes
cross-env,SPDXRef-Package-cross-env-352,pkg:npm/cross-env,pkg:github/kentcdodds/cross-env,https://registry.npmjs.org/cross-env,https://www.npmjs.com/package/cross-env,https://github.com/kentcdodds/cross-env,Unhealthy,Project has been archived recently.,,,Last commit from Nov. 16 commits during the last 2 years.,2,1K,Massive,1,Yes,No,?,Yes
regjsgen,SPDXRef-Package-regjsgen-918,pkg:npm/regjsgen,pkg:github/bnjmnt4n/regjsgen,https://registry.npmjs.org/regjsgen,https://www.npmjs.com/package/regjsgen,https://github.com/bnjmnt4n/regjsgen,Healthy,The only commits we have in the last 12 months were created by dependabot and approved by a human,,,Activity during the last 12 months by dependabot.,0,500,Massive,0,Yes,No,?,Yes
@babel/plugin-syntax-jsx,SPDXRef-Package-babel-plugin-syntax-jsx-49,pkg:npm/%40babel/plugin-syntax-jsx,pkg:github/babel/babel,https://registry.npmjs.org/@babel/plugin-syntax-jsx,https://www.npmjs.com/package/@babel/plugin-syntax-jsx,https://github.com/babel/babel/tree/main/packages/babel-plugin-syntax-jsx,To be evaluated,Shared repo,,,Active. Activity during the last 6 months.,Single dev.,< 250,?,1,Yes,No,?,Yes
os-locale,SPDXRef-Package-os-locale-814,pkg:npm/os-locale,pkg:github/sindresorhus/os-locale,https://registry.npmjs.org/os-locale,https://www.npmjs.com/package/os-locale,https://github.com/sindresorhus/os-locale,Healthy,,,,Active. Activity during the last 6 months.,1,100,Massive,0,Yes,No,?,Yes
whatwg-encoding,SPDXRef-Package-whatwg-encoding-1115,pkg:npm/whatwg-encoding,pkg:github/jsdom/whatwg-encoding,https://registry.npmjs.org/whatwg-encoding,https://www.npmjs.com/package/whatwg-encoding,https://github.com/jsdom/whatwg-encoding,To be evaluated,Deprecated package. Remove from list.,,,,,,,,,,,Yes
mimic-fn,SPDXRef-Package-mimic-fn-738,pkg:npm/mimic-fn,pkg:github/sindresorhus/mimic-fn,https://registry.npmjs.org/mimic-fn,https://www.npmjs.com/package/mimic-fn,https://github.com/sindresorhus/mimic-fn,Unhealthy,,,,No activity in 20 months,0,250,Massive,0,Yes,No,?,Yes
http-status-codes,SPDXRef-Package-http-status-codes-561,pkg:npm/http-status-codes,pkg:github/prettymuchbryce/http-status-codes,https://registry.npmjs.org/http-status-codes,https://www.npmjs.com/package/http-status-codes,https://github.com/prettymuchbryce/http-status-codes,Unhealthy,,,,No activity in two years and a half,0,700,Massive,0,Yes,No,?,Yes
xml2js,SPDXRef-Package-xml2js-1135,pkg:npm/xml2js,pkg:github/Leonidas-from-XIV/node-xml2js,https://registry.npmjs.org/xml2js,https://www.npmjs.com/package/xml2js,https://github.com/Leonidas-from-XIV/node-xml2js,Healthy,,,,Super low activity. Two commits submitted recently.,1,1.9K,Massive,2,Yes,No,?,Yes
hosted-git-info,SPDXRef-Package-hosted-git-info-552,pkg:npm/hosted-git-info,pkg:github/npm/hosted-git-info,https://registry.npmjs.org/hosted-git-info,https://www.npmjs.com/package/hosted-git-info,https://github.com/npm/hosted-git-info,Healthy,,,,Active. Activity during the last 6 months.,7,1.8K,Massive,1,Yes,No,?,Yes
has-proto,SPDXRef-Package-has-proto-538,pkg:npm/has-proto,pkg:github/inspect-js/has-proto,https://registry.npmjs.org/has-proto,https://www.npmjs.com/package/has-proto,https://github.com/inspect-js/has-proto,Healthy,,,,Active. Activity during the last 6 months.,1,130,Massive,1,Yes,No,?,Yes
extsprintf,SPDXRef-Package-extsprintf-462,pkg:npm/extsprintf,pkg:github/davepacheco/node-extsprintf,https://registry.npmjs.org/extsprintf,https://www.npmjs.com/package/extsprintf,https://github.com/davepacheco/node-extsprintf,Unhealthy,,,,No activity in 5 years.,0,320,Massive,0,Yes,No,?,Yes
strip-indent,SPDXRef-Package-strip-indent-1019,pkg:npm/strip-indent,pkg:github/sindresorhus/strip-indent,https://registry.npmjs.org/strip-indent,https://www.npmjs.com/package/strip-indent,https://github.com/sindresorhus/strip-indent,Healthy,,,,Activity during the last year,2,70,Massive,0,Yes,No,?,Yes
get-proto,SPDXRef-Package-get-proto-514,pkg:npm/get-proto,pkg:github/ljharb/get-proto,https://registry.npmjs.org/get-proto,https://www.npmjs.com/package/get-proto,https://github.com/ljharb/get-proto,Healthy,,,,Low activity. Last commit 5 months ago,1,80,Massive,2,Yes,No,?,Yes
snapdragon-node,SPDXRef-Package-snapdragon-node-983,pkg:npm/snapdragon-node,pkg:github/here-be/snapdragon-node,https://registry.npmjs.org/snapdragon-node,https://www.npmjs.com/package/snapdragon-node,https://github.com/here-be/snapdragon-node,Unhealthy,,,,Last commit 8 years ago,0,700,Massive,0,Yes,No,?,Yes
raw-body,SPDXRef-Package-raw-body-886,pkg:npm/raw-body,pkg:github/stream-utils/raw-body,https://registry.npmjs.org/raw-body,https://www.npmjs.com/package/raw-body,https://github.com/stream-utils/raw-body,Healthy,,,,Active. Last commit in Nov 2025.,3,1.1K,Massive,4,Yes,No,?,Yes
range-parser,SPDXRef-Package-range-parser-885,pkg:npm/range-parser,pkg:github/jshttp/range-parser,https://registry.npmjs.org/range-parser,https://www.npmjs.com/package/range-parser,https://github.com/jshttp/range-parser,Healthy,,,,Low activity. Last commit 5 months ago.,3,270,Massive,0,Yes,No,?,Yes
es-module-lexer,SPDXRef-Package-es-module-lexer-424,pkg:npm/es-module-lexer,pkg:github/guybedford/es-module-lexer,https://registry.npmjs.org/es-module-lexer,https://www.npmjs.com/package/es-module-lexer,https://github.com/guybedford/es-module-lexer,Healthy,,,,Low activity. Last commit a few days ago.,2,50K,Massive,0,Yes,No,?,Yes
@cspotcode/source-map-support,SPDXRef-Package-cspotcode-source-map-support-70,pkg:npm/%40cspotcode/source-map-support,pkg:github/cspotcode/node-source-map-support,https://registry.npmjs.org/@cspotcode/source-map-support,https://www.npmjs.com/package/@cspotcode/source-map-support,https://github.com/cspotcode/node-source-map-support,Unhealthy,,,,Last commit 4 years ago,0,2K,Massive,1,Yes,No,?,Yes
estree-walker,SPDXRef-Package-estree-walker-445,pkg:npm/estree-walker,pkg:github/Rich-Harris/estree-walker,https://registry.npmjs.org/estree-walker,https://www.npmjs.com/package/estree-walker,https://github.com/Rich-Harris/estree-walker,Unhealthy,They marked the package as deprecated 9 months ago,,,A commit in 24 months. Last commit in Sept 2025.,1,900,Massive,1,Yes,No,?,Yes
chownr,SPDXRef-Package-chownr-299,pkg:npm/chownr,pkg:github/isaacs/chownr,https://registry.npmjs.org/chownr,https://www.npmjs.com/package/chownr,https://github.com/isaacs/chownr,Healthy,,,,Active. Last commit in Nov 2025.,1,600,Massive,0,Yes,No,?,Yes
stack-utils,SPDXRef-Package-stack-utils-1003,pkg:npm/stack-utils,pkg:github/tapjs/stack-utils,https://registry.npmjs.org/stack-utils,https://www.npmjs.com/package/stack-utils,https://github.com/tapjs/stack-utils,Unhealthy,,,,No activity in almost three years,0,1.2K,Massive,1,Yes,No,?,Yes
pend,SPDXRef-Package-pend-841,pkg:npm/pend,pkg:github/andrewrk/node-pend,https://registry.npmjs.org/pend,https://www.npmjs.com/package/pend,https://github.com/andrewrk/node-pend,Unhealthy,,,,No commit in 12 years,0,180,Massive,0,Yes,No,?,Yes
has-flag,SPDXRef-Package-has-flag-536,pkg:npm/has-flag,pkg:github/sindresorhus/has-flag,https://registry.npmjs.org/has-flag,https://www.npmjs.com/package/has-flag,https://github.com/sindresorhus/has-flag,Unhealthy,,,,No activity in 5 years,0,50,Massive,0,Yes,No,?,Yes
@babel/plugin-syntax-logical-assignment-operators,SPDXRef-Package-babel-plugin-syntax-logical-assignment-operators-51,pkg:npm/%40babel/plugin-syntax-logical-assignment-operators,pkg:github/babel/babel,https://registry.npmjs.org/@babel/plugin-syntax-logical-assignment-operators,https://www.npmjs.com/package/@babel/plugin-syntax-logical-assignment-operators,https://github.com/babel/babel,To be evaluated,Shared repo,,,,,,,,Yes,No,?,Yes
@babel/helper-environment-visitor,SPDXRef-Package-babel-helper-environment-visitor-23,pkg:npm/%40babel/helper-environment-visitor,pkg:github/babel/babel,https://registry.npmjs.org/@babel/helper-environment-visitor,https://www.npmjs.com/package/@babel/helper-environment-visitor,https://github.com/babel/babel,To be evaluated,Shared repo,,,,,,,,Yes,No,?,Yes
@babel/plugin-syntax-class-static-block,SPDXRef-Package-babel-plugin-syntax-class-static-block-44,pkg:npm/%40babel/plugin-syntax-class-static-block,pkg:github/babel/babel,https://registry.npmjs.org/@babel/plugin-syntax-class-static-block,https://www.npmjs.com/package/@babel/plugin-syntax-class-static-block,https://github.com/babel/babel,To be evaluated,Shared repo,,,,,,,,Yes,No,?,Yes
identity-obj-proxy,SPDXRef-Package-identity-obj-proxy-566,pkg:npm/identity-obj-proxy,pkg:github/keyanzhang/identity-obj-proxy,https://registry.npmjs.org/identity-obj-proxy,https://www.npmjs.com/package/identity-obj-proxy,https://github.com/keyanzhang/identity-obj-proxy,Unhealthy,,,,No activity in 7 years,0,120,Massive,1,Yes,No,?,Yes
@types/json-schema,SPDXRef-Package-types-json-schema-170,pkg:npm/%40types/json-schema,pkg:github/DefinitelyTyped/DefinitelyTyped,https://registry.npmjs.org/@types/json-schema,https://www.npmjs.com/package/@types/json-schema,https://github.com/DefinitelyTyped/DefinitelyTyped,To be evaluated,Shared repo,,,,,,,,Yes,No,?,Yes
bignumber.js,SPDXRef-Package-bignumber.js-260,pkg:npm/bignumber.js,pkg:github/MikeMcl/bignumber.js,https://registry.npmjs.org/bignumber.js,https://www.npmjs.com/package/bignumber.js,https://github.com/MikeMcl/bignumber.js,Healthy,,,,Active. Recent activity.,4,48K,Massive,0,Yes,No,?,Yes
semver,SPDXRef-Package-semver-954,pkg:npm/semver,pkg:github/npm/node-semver,https://registry.npmjs.org/semver,https://www.npmjs.com/package/semver,https://github.com/npm/node-semver,Healthy,,,,Active. Recent activity.,12,5.6K,Massive,0,Yes,No,?,Yes
xmlbuilder,SPDXRef-Package-xmlbuilder-1136,pkg:npm/xmlbuilder,pkg:github/oozcitak/xmlbuilder-js,https://registry.npmjs.org/xmlbuilder,https://www.npmjs.com/package/xmlbuilder,https://github.com/oozcitak/xmlbuilder-js,Unhealthy,No code commits in 4 years.,,,Low activity. Activity during the last 7 months.,1,6.5K,Massive,0,Yes,No,?,Yes
is-path-inside,SPDXRef-Package-is-path-inside-620,pkg:npm/is-path-inside,pkg:github/sindresorhus/is-path-inside,https://registry.npmjs.org/is-path-inside,https://www.npmjs.com/package/is-path-inside,https://github.com/sindresorhus/is-path-inside,Healthy,,,,Low activity. Last commit 9 months ago,1,150,Massive,0,Yes,No,?,Yes
neo-async,SPDXRef-Package-neo-async-764,pkg:npm/neo-async,pkg:github/suguru03/neo-async,https://registry.npmjs.org/neo-async,https://www.npmjs.com/package/neo-async,https://github.com/suguru03/neo-async,Unhealthy,"The repo includes the .min.js, so the number of lines may not be that high",,,No activity in 6 years.,0,35K,Massive,0,Yes,No,?,Yes
natural-compare,SPDXRef-Package-natural-compare-762,pkg:npm/natural-compare,pkg:github/litejs/natural-compare-lite,https://registry.npmjs.org/natural-compare,https://www.npmjs.com/package/natural-compare,https://github.com/litejs/natural-compare-lite,Unhealthy,,,,Last commit 20 months ago,0,125,Massive,0,Yes,No,?,Yes
es-to-primitive,SPDXRef-Package-es-to-primitive-427,pkg:npm/es-to-primitive,pkg:github/ljharb/es-to-primitive,https://registry.npmjs.org/es-to-primitive,https://www.npmjs.com/package/es-to-primitive,https://github.com/ljharb/es-to-primitive,Healthy,,,,Active. Recent activity.,1,500,Massive,5,Yes,No,?,Yes
npm-normalize-package-bin,SPDXRef-Package-npm-normalize-package-bin-787,pkg:npm/npm-normalize-package-bin,pkg:github/npm/npm-normalize-package-bin,https://registry.npmjs.org/npm-normalize-package-bin,https://www.npmjs.com/package/npm-normalize-package-bin,https://github.com/npm/npm-normalize-package-bin,Healthy,,,,Active. Recent activity.,1,330,Massive,0,Yes,No,?,Yes
object.assign,SPDXRef-Package-object.assign-803,pkg:npm/object.assign,pkg:github/ljharb/object.assign,https://registry.npmjs.org/object.assign,https://www.npmjs.com/package/object.assign,https://github.com/ljharb/object.assign,Healthy,,,,Low activity. Activity during the last 7 months.,1,450,Massive,6,Yes,No,?,Yes
cli-cursor,SPDXRef-Package-cli-cursor-309,pkg:npm/cli-cursor,pkg:github/sindresorhus/cli-cursor,https://registry.npmjs.org/cli-cursor,https://www.npmjs.com/package/cli-cursor,https://github.com/sindresorhus/cli-cursor,Unhealthy,"Tiny project, but it has a runtime dep.",,,Last commit 23 months ago,0,80,Massive,1,Yes,No,?,Yes
@tsconfig/node14,SPDXRef-Package-tsconfig-node14-158,pkg:npm/%40tsconfig/node14,pkg:github/tsconfig/bases,https://registry.npmjs.org/@tsconfig/node14,https://www.npmjs.com/package/@tsconfig/node14,https://github.com/tsconfig/bases,To be evaluated,"Weird, no packages.json found.",,,Last commit 2 years ago,Single dev.,300,Massive,1,Yes,No,?,Yes
compressible,SPDXRef-Package-compressible-332,pkg:npm/compressible,pkg:github/jshttp/compressible,https://registry.npmjs.org/compressible,https://www.npmjs.com/package/compressible,https://github.com/jshttp/compressible,Healthy,,,,Human activity in the last year and half.,0,135,Massive,1,Yes,No,?,Yes
node-forge,SPDXRef-Package-node-forge-774,pkg:npm/node-forge,pkg:github/digitalbazaar/forge,https://registry.npmjs.org/node-forge,https://www.npmjs.com/package/node-forge,https://github.com/digitalbazaar/forge,Healthy,,,,Last commit in March 2026.,6,33K,Massive,0,Yes,No,?,Yes
@babel/plugin-syntax-optional-catch-binding,SPDXRef-Package-babel-plugin-syntax-optional-catch-binding-56,pkg:npm/%40babel/plugin-syntax-optional-catch-binding,pkg:github/babel/babel/tree/master/packages/babel-plugin-syntax-optional-catch-binding,https://registry.npmjs.org/@babel/plugin-syntax-optional-catch-binding,https://www.npmjs.com/package/@babel/plugin-syntax-optional-catch-binding,https://github.com/babel/babel/tree/master/packages/babel-plugin-syntax-optional-catch-binding,To be evaluated,shared repo,,,,,,,,Yes,No,?,Yes
encoding,SPDXRef-Package-encoding-413,pkg:npm/encoding,pkg:github/andris9/encoding,https://registry.npmjs.org/encoding,https://www.npmjs.com/package/encoding,https://github.com/andris9/encoding,Unhealthy,,,,No activity in 5 years.,0,90,Massive,1,Yes,No,?,Yes
normalize-range,SPDXRef-Package-normalize-range-784,pkg:npm/normalize-range,pkg:github/jamestalmage/normalize-range,https://registry.npmjs.org/normalize-range,https://www.npmjs.com/package/normalize-range,https://github.com/jamestalmage/normalize-range,Unhealthy,,,,No activity in 6 years.,0,225,Massive,0,Yes,No,?,Yes
ansi-colors,SPDXRef-Package-ansi-colors-199,pkg:npm/ansi-colors,pkg:github/doowb/ansi-colors,https://registry.npmjs.org/ansi-colors,https://www.npmjs.com/package/ansi-colors,https://github.com/doowb/ansi-colors,Unhealthy,,,,No activity in 4 years.,,1K,Massive,0,Yes,No,?,Yes
p-map,SPDXRef-Package-p-map-820,pkg:npm/p-map,pkg:github/sindresorhus/p-map,https://registry.npmjs.org/p-map,https://www.npmjs.com/package/p-map,https://github.com/sindresorhus/p-map,Healthy,,,,Active. Recent activity.,2,850,Massive,0,Yes,No,?,Yes
expand-brackets,SPDXRef-Package-expand-brackets-453,pkg:npm/expand-brackets,pkg:github/micromatch/expand-brackets,https://registry.npmjs.org/expand-brackets,https://www.npmjs.com/package/expand-brackets,https://github.com/micromatch/expand-brackets,Unhealthy,Very unhealthy,,,No activity in 8 years.,0,800,Massive,4,Yes,No,?,Yes
use,SPDXRef-Package-use-1094,pkg:npm/use,pkg:github/jonschlinkert/use,https://registry.npmjs.org/use,https://www.npmjs.com/package/use,https://github.com/jonschlinkert/use,Unhealthy,,,,No activity in 8 years.,0,480,Massive,0,Yes,No,?,Yes
@smithy/util-base64,SPDXRef-Package-smithy-util-base64-140,pkg:npm/%40smithy/util-base64,pkg:github/smithy-lang/smithy-typescript,https://registry.npmjs.org/@smithy/util-base64,https://www.npmjs.com/package/@smithy/util-base64,https://github.com/smithy-lang/smithy-typescript,To be evaluated,shared repo,,,,,,,,Yes,No,?,Yes
nopt,SPDXRef-Package-nopt-781,pkg:npm/nopt,pkg:github/npm/nopt,https://registry.npmjs.org/nopt,https://www.npmjs.com/package/nopt,https://github.com/npm/nopt,Healthy,,,,Active. Recent activity.,3,1.3K,Massive,1,Yes,No,?,Yes
@pkgjs/parseargs,SPDXRef-Package-pkgjs-parseargs-107,pkg:npm/%40pkgjs/parseargs,pkg:github/pkgjs/parseargs,https://registry.npmjs.org/@pkgjs/parseargs,https://www.npmjs.com/package/@pkgjs/parseargs,https://github.com/pkgjs/parseargs,Healthy,,,,Low activity. Last commit 11 months ago.,1,2.4K,Massive,0,Yes,No,?,Yes
next-tick,SPDXRef-Package-next-tick-767,pkg:npm/next-tick,pkg:github/medikoo/next-tick,https://registry.npmjs.org/next-tick,https://www.npmjs.com/package/next-tick,https://github.com/medikoo/next-tick,Unhealthy,,,,No activity in 5 years,,100,Massive,0,Yes,No,?,Yes
@jridgewell/set-array,SPDXRef-Package-jridgewell-set-array-86,pkg:npm/%40jridgewell/set-array,pkg:github/jridgewell/set-array,https://registry.npmjs.org/@jridgewell/set-array,https://www.npmjs.com/package/@jridgewell/set-array,https://github.com/jridgewell/set-array,Unhealthy,,,,Last commit 28 months ago,,200,Massive,0,Yes,No,?,Yes
brace-expansion,SPDXRef-Package-brace-expansion-270,pkg:npm/brace-expansion,pkg:github/juliangruber/brace-expansion,https://registry.npmjs.org/brace-expansion,https://www.npmjs.com/package/brace-expansion,https://github.com/juliangruber/brace-expansion,Healthy,,,,Active. Recent activity.,5,300,Massive,1,Yes,No,?,Yes
babel-preset-react,SPDXRef-Package-babel-preset-react-247,pkg:npm/babel-preset-react,pkg:github/babel/babel,https://registry.npmjs.org/babel-preset-react,https://www.npmjs.com/package/babel-preset-react,https://github.com/babel/babel,To be evaluated,,,,,,,,,Yes,No,?,Yes
browserslist,SPDXRef-Package-browserslist-274,pkg:npm/browserslist,pkg:github/browserslist/browserslist,https://registry.npmjs.org/browserslist,https://www.npmjs.com/package/browserslist,https://github.com/browserslist/browserslist,Healthy,,,,Active. Recent activity.,8,4.9K,Massive,5,Yes,No,?,Yes
jest-message-util,SPDXRef-Package-jest-message-util-657,pkg:npm/jest-message-util,pkg:github/jestjs/jest,https://registry.npmjs.org/jest-message-util,https://www.npmjs.com/package/jest-message-util,https://github.com/jestjs/jest,To be evaluated,,,,,,,,,Yes,No,?,Yes
callsites,SPDXRef-Package-callsites-290,pkg:npm/callsites,pkg:github/sindresorhus/callsites,https://registry.npmjs.org/callsites,https://www.npmjs.com/package/callsites,https://github.com/sindresorhus/callsites,Healthy,,,,Low activity. Activity during the last year.,1,100,Massive,0,Yes,No,?,Yes
dashdash,SPDXRef-Package-dashdash-362,pkg:npm/dashdash,pkg:github/trentm/node-dashdash,https://registry.npmjs.org/dashdash,https://www.npmjs.com/package/dashdash,https://github.com/trentm/node-dashdash,Unhealthy,Very unhealthy,,,No activity in 5 years,0,2.4K,Massive,1,Yes,No,?,Yes
define-properties,SPDXRef-Package-define-properties-380,pkg:npm/define-properties,pkg:github/ljharb/define-properties,https://registry.npmjs.org/define-properties,https://www.npmjs.com/package/define-properties,https://github.com/ljharb/define-properties,Healthy,,,,Low activity. Last commit 7 months ago.,1,200,Massive,3,Yes,No,?,Yes
compression,SPDXRef-Package-compression-333,pkg:npm/compression,pkg:github/expressjs/compression,https://registry.npmjs.org/compression,https://www.npmjs.com/package/compression,https://github.com/expressjs/compression,Healthy,,,,Active. Recent activity.,4,1K,Massive,7,Yes,No,?,Yes
@protobufjs/float,SPDXRef-Package-protobufjs-float-113,pkg:npm/%40protobufjs/float,pkg:github/dcodeIO/protobuf.js,https://registry.npmjs.org/@protobufjs/float,https://www.npmjs.com/package/@protobufjs/float,https://github.com/dcodeIO/protobuf.js,Healthy,,,,Active. Recent activity.,10,50K,Massive,1,Yes,No,?,Yes
flatted,SPDXRef-Package-flatted-486,pkg:npm/flatted,pkg:github/WebReflection/flatted,https://registry.npmjs.org/flatted,https://www.npmjs.com/package/flatted,https://github.com/WebReflection/flatted,Healthy,,,,Active. Recent activity.,3,2K,Massive,0,Yes,No,?,Yes
babel-polyfill,SPDXRef-Package-babel-polyfill-244,pkg:npm/babel-polyfill,pkg:github/babel/babel,https://registry.npmjs.org/babel-polyfill,https://www.npmjs.com/package/babel-polyfill,https://github.com/babel/babel,To be evaluated,,,,,,,,,Yes,No,?,Yes
graphql,SPDXRef-Package-graphql-528,pkg:npm/graphql,pkg:github/graphql/graphql-js,https://registry.npmjs.org/graphql,https://www.npmjs.com/package/graphql,https://github.com/graphql/graphql-js,Healthy,,,,Active. Recent activity.,>10,100K,Massive,0,Yes,No,?,Yes
is-async-function,SPDXRef-Package-is-async-function-594,pkg:npm/is-async-function,pkg:github/inspect-js/is-async-function,https://registry.npmjs.org/is-async-function,https://www.npmjs.com/package/is-async-function,https://github.com/inspect-js/is-async-function,Healthy,,,,Low activity. Last commit 7 months ago,1,120,Massive,5,Yes,No,?,Yes
npm-run-all,SPDXRef-Package-npm-run-all-788,pkg:npm/npm-run-all,pkg:github/mysticatea/npm-run-all,https://registry.npmjs.org/npm-run-all,https://www.npmjs.com/package/npm-run-all,https://github.com/mysticatea/npm-run-all,Unhealthy,Very unhealthy.,,,No activity in 6  years,0,3K,Massive,9,Yes,No,?,Yes
psl,SPDXRef-Package-psl-872,pkg:npm/psl,pkg:github/lupomontero/psl,https://registry.npmjs.org/psl,https://www.npmjs.com/package/psl,https://github.com/lupomontero/psl,Unhealthy,Very unhealthy.,,,No activity in 18 months,0,21K,Massive,1,Yes,No,?,Yes
@next/swc-linux-x64-gnu,SPDXRef-Package-next-swc-linux-x64-gnu-96,pkg:npm/%40next/swc-linux-x64-gnu,pkg:github/vercel/next.js,https://registry.npmjs.org/@next/swc-linux-x64-gnu,https://www.npmjs.com/package/@next/swc-linux-x64-gnu,https://github.com/vercel/next.js,To be evaluated,,,,,,,,,Yes,No,?,Yes
redis,SPDXRef-Package-redis-905,pkg:npm/redis,pkg:github/redis/node-redis,https://registry.npmjs.org/redis,https://www.npmjs.com/package/redis,https://github.com/redis/node-redis,To be evaluated,,,,,,,,,Yes,No,?,Yes
decamelize,SPDXRef-Package-decamelize-371,pkg:npm/decamelize,pkg:github/sindresorhus/decamelize,https://registry.npmjs.org/decamelize,https://www.npmjs.com/package/decamelize,https://github.com/sindresorhus/decamelize,Healthy,,,,Low activity. Last commit 3 months ago,2,220,Massive,0,Yes,No,?,Yes
@babel/helper-plugin-utils,SPDXRef-Package-babel-helper-plugin-utils-31,pkg:npm/%40babel/helper-plugin-utils,pkg:github/babel/babel,https://registry.npmjs.org/@babel/helper-plugin-utils,https://www.npmjs.com/package/@babel/helper-plugin-utils,https://github.com/babel/babel,To be evaluated,shared repo,,,,,,,,Yes,No,?,Yes
mime-db,SPDXRef-Package-mime-db-736,pkg:npm/mime-db,pkg:github/jshttp/mime-db,https://registry.npmjs.org/mime-db,https://www.npmjs.com/package/mime-db,https://github.com/jshttp/mime-db,Healthy,,,,Active. Last commit 3 months ago,9,580,Massive,0,Yes,No,?,Yes
diff,SPDXRef-Package-diff-390,pkg:npm/diff,pkg:github/kpdecker/jsdiff,https://registry.npmjs.org/diff,https://www.npmjs.com/package/diff,https://github.com/kpdecker/jsdiff,Healthy,,,,Active. Recent activity.,2,9K,Massive,0,Yes,No,?,Yes
sisteransi,SPDXRef-Package-sisteransi-978,pkg:npm/sisteransi,pkg:github/terkelg/sisteransi,https://registry.npmjs.org/sisteransi,https://www.npmjs.com/package/sisteransi,https://github.com/terkelg/sisteransi,Healthy,,,,"Low activity. Recent commit, but the only one in 24 months.",1,200,Massive,0,Yes,No,?,Yes
validator,SPDXRef-Package-validator-1101,pkg:npm/validator,pkg:github/validatorjs/validator.js,https://registry.npmjs.org/validator,https://www.npmjs.com/package/validator,https://github.com/validatorjs/validator.js,Healthy,,,,Active. Recent activity.,More than 2,22K,Massive,0,Yes,No,?,Yes
nodemon,SPDXRef-Package-nodemon-780,pkg:npm/nodemon,pkg:github/remy/nodemon,https://registry.npmjs.org/nodemon,https://www.npmjs.com/package/nodemon,https://github.com/remy/nodemon,Healthy,,,,Active. Recent activity.,3,19K,Massive,10,Yes,No,?,Yes
@protobufjs/base64,SPDXRef-Package-protobufjs-base64-109,pkg:npm/%40protobufjs/base64,pkg:github/dcodeIO/protobuf.js,https://registry.npmjs.org/@protobufjs/base64,https://www.npmjs.com/package/@protobufjs/base64,https://github.com/dcodeIO/protobuf.js,Healthy,,,,Active. Recent activity.,More than 5,52K,Massive,1,Yes,No,?,Yes
socks,SPDXRef-Package-socks-986,pkg:npm/socks,pkg:github/JoshGlazebrook/socks,https://registry.npmjs.org/socks,https://www.npmjs.com/package/socks,https://github.com/JoshGlazebrook/socks,Healthy,,,,Low activity. Recent commit.,4,2K,Massive,2,Yes,No,?,Yes
imurmurhash,SPDXRef-Package-imurmurhash-572,pkg:npm/imurmurhash,pkg:github/jensyt/imurmurhash-js,https://registry.npmjs.org/imurmurhash,https://www.npmjs.com/package/imurmurhash,https://github.com/jensyt/imurmurhash-js,Unhealthy,,,,Last commmit 13 years ago,0,90,Massive,0,Yes,No,?,Yes
@jridgewell/sourcemap-codec,SPDXRef-Package-jridgewell-sourcemap-codec-88,pkg:npm/%40jridgewell/sourcemap-codec,pkg:github/jridgewell/sourcemaps,https://registry.npmjs.org/@jridgewell/sourcemap-codec,https://www.npmjs.com/package/@jridgewell/sourcemap-codec,https://github.com/jridgewell/sourcemaps,Unhealthy,unhealthy because a 'postinstall' script was found,,,Active. Recent activity.,3,9500,Massive,0,Yes,Yes,?,Yes
collection-visit,SPDXRef-Package-collection-visit-318,pkg:npm/collection-visit,pkg:github/jonschlinkert/collection-visit,https://registry.npmjs.org/collection-visit,https://www.npmjs.com/package/collection-visit,https://github.com/jonschlinkert/collection-visit,Unhealthy,,,,Last commmit 6 years ago,0,120,Massive,2,Yes,No,?,Yes
source-map-resolve,SPDXRef-Package-source-map-resolve-990,pkg:npm/source-map-resolve,pkg:github/lydell/source-map-resolve,https://registry.npmjs.org/source-map-resolve,https://www.npmjs.com/package/source-map-resolve,https://github.com/lydell/source-map-resolve,Unhealthy,Marked as deprecated in the github page,,,Last commmit 4 years ago,0,1.7K,Massive,2,Yes,No,?,Yes
styled-components,SPDXRef-Package-styled-components-1022,pkg:npm/styled-components,pkg:github/styled-components/styled-components,https://registry.npmjs.org/styled-components,https://www.npmjs.com/package/styled-components,https://github.com/styled-components/styled-components,Healthy,,,,Active. Recent activity.,More than 5,92K,Massive,0,Yes,No,?,Yes
json-schema-traverse,SPDXRef-Package-json-schema-traverse-675,pkg:npm/json-schema-traverse,pkg:github/epoberezkin/json-schema-traverse,https://registry.npmjs.org/json-schema-traverse,https://www.npmjs.com/package/json-schema-traverse,https://github.com/epoberezkin/json-schema-traverse,Unhealthy,,,,Last commmit 5 years ago,0,350,Massive,0,Yes,No,?,Yes
util-deprecate,SPDXRef-Package-util-deprecate-1096,pkg:npm/util-deprecate,pkg:github/TooTallNate/util-deprecate,https://registry.npmjs.org/util-deprecate,https://www.npmjs.com/package/util-deprecate,https://github.com/TooTallNate/util-deprecate,Unhealthy,,,,Last commmit 8 years ago,0,30,Massive,0,Yes,No,?,Yes
@tsconfig/node10,SPDXRef-Package-tsconfig-node10-156,pkg:npm/%40tsconfig/node10,pkg:github/tsconfig/bases,https://registry.npmjs.org/@tsconfig/node10,https://www.npmjs.com/package/@tsconfig/node10,https://github.com/tsconfig/bases,Healthy,,,,Active. Recent activity.,More than 5,300,Massive,0,Yes,No,?,Yes
promise-inflight,SPDXRef-Package-promise-inflight-865,pkg:npm/promise-inflight,pkg:github/iarna/promise-inflight,https://registry.npmjs.org/promise-inflight,https://www.npmjs.com/package/promise-inflight,https://github.com/iarna/promise-inflight,Unhealthy,,,,Last commmit 9 years ago,0,33,Massive,0,Yes,No,?,Yes
styled-jsx,SPDXRef-Package-styled-jsx-1023,pkg:npm/styled-jsx,pkg:github/vercel/styled-jsx,https://registry.npmjs.org/styled-jsx,https://www.npmjs.com/package/styled-jsx,https://github.com/vercel/styled-jsx,Healthy,,,,Low activity. Recent commit.,2,4K,Massive,1,Yes,No,?,Yes
is-arguments,SPDXRef-Package-is-arguments-591,pkg:npm/is-arguments,pkg:github/inspect-js/is-arguments,https://registry.npmjs.org/is-arguments,https://www.npmjs.com/package/is-arguments,https://github.com/inspect-js/is-arguments,Healthy,,,,Low activity. Last commit 3 months ago.,1,90,Massive,2,Yes,No,?,Yes
own-keys,SPDXRef-Package-own-keys-816,pkg:npm/own-keys,pkg:github/ljharb/own-keys,https://registry.npmjs.org/own-keys,https://www.npmjs.com/package/own-keys,https://github.com/ljharb/own-keys,Healthy,,,,Low activity. Last commit 5 months ago.,1,75,Massive,3,Yes,No,?,Yes
@smithy/node-config-provider,SPDXRef-Package-smithy-node-config-provider-128,pkg:npm/%40smithy/node-config-provider,pkg:github/smithy-lang/smithy-typescript,https://registry.npmjs.org/@smithy/node-config-provider,https://www.npmjs.com/package/@smithy/node-config-provider,https://github.com/smithy-lang/smithy-typescript,To be evaluated,shared repository,,,,,,,,Yes,No,?,Yes
crypto,SPDXRef-Package-crypto-355,pkg:npm/crypto,pkg:github/npm/deprecate-holder,https://registry.npmjs.org/crypto,https://www.npmjs.com/package/crypto,https://github.com/npm/deprecate-holder,To be evaluated,To be removed from this list,,,,,,,,Yes,No,?,Yes
reflect-metadata,SPDXRef-Package-reflect-metadata-909,pkg:npm/reflect-metadata,pkg:github/rbuckton/reflect-metadata,https://registry.npmjs.org/reflect-metadata,https://www.npmjs.com/package/reflect-metadata,https://github.com/rbuckton/reflect-metadata,Unhealthy,,,,No activity in 2 years,0,4.3K,Massive,0,Yes,No,?,Yes
form-data,SPDXRef-Package-form-data-494,pkg:npm/form-data,pkg:github/form-data/form-data,https://registry.npmjs.org/form-data,https://www.npmjs.com/package/form-data,https://github.com/form-data/form-data,Healthy,,,,Active. Recent activity.,2,1.8K,Massive,5,Yes,No,?,Yes
@aws-sdk/types,SPDXRef-Package-aws-sdk-types-10,pkg:npm/%40aws-sdk/types,pkg:github/aws/aws-sdk-js-v3,https://registry.npmjs.org/@aws-sdk/types,https://www.npmjs.com/package/@aws-sdk/types,https://github.com/aws/aws-sdk-js-v3,To be evaluated,shared repository,,,,,,Massive,,Yes,No,?,Yes
execa,SPDXRef-Package-execa-451,pkg:npm/execa,pkg:github/sindresorhus/execa,https://registry.npmjs.org/execa,https://www.npmjs.com/package/execa,https://github.com/sindresorhus/execa,Healthy,,,,Low activity. No commits in 5 months.,4,29K,Massive,12,Yes,No,?,Yes
co,SPDXRef-Package-co-316,pkg:npm/co,pkg:github/tj/co,https://registry.npmjs.org/co,https://www.npmjs.com/package/co,https://github.com/tj/co,Unhealthy,,,,No commits in 10 years,0,700,Massive,0,Yes,No,?,Yes
ajv-keywords,SPDXRef-Package-ajv-keywords-198,pkg:npm/ajv-keywords,pkg:github/epoberezkin/ajv-keywords,https://registry.npmjs.org/ajv-keywords,https://www.npmjs.com/package/ajv-keywords,https://github.com/epoberezkin/ajv-keywords,Unhealthy,,,,No commits in 4 years,0,1.7K,Massive,1,Yes,No,?,Yes
@babel/plugin-syntax-top-level-await,SPDXRef-Package-babel-plugin-syntax-top-level-await-59,pkg:npm/%40babel/plugin-syntax-top-level-await,pkg:github/babel/babel,https://registry.npmjs.org/@babel/plugin-syntax-top-level-await,https://www.npmjs.com/package/@babel/plugin-syntax-top-level-await,https://github.com/babel/babel,To be evaluated,shared repo,,,,,,,,Yes,No,?,Yes
mz,SPDXRef-Package-mz-759,pkg:npm/mz,pkg:github/normalize/mz,https://registry.npmjs.org/mz,https://www.npmjs.com/package/mz,https://github.com/normalize/mz,Unhealthy,,,,No commits in 8 years,0,350,Massive,3,Yes,No,?,Yes
is-set,SPDXRef-Package-is-set-626,pkg:npm/is-set,pkg:github/inspect-js/is-set,https://registry.npmjs.org/is-set,https://www.npmjs.com/package/is-set,https://github.com/inspect-js/is-set,Healthy,,,,Low activity. A commit in the last 6 months.,1,100,Massive,0,Yes,No,?,Yes
cli-columns,SPDXRef-Package-cli-columns-308,pkg:npm/cli-columns,pkg:github/shannonmoeller/cli-columns,https://registry.npmjs.org/cli-columns,https://www.npmjs.com/package/cli-columns,https://github.com/shannonmoeller/cli-columns,Unhealthy,,,,No commits in 4 years,0,150,Medium (less than 1M per week),2,Yes,No,?,Yes
event-target-shim,SPDXRef-Package-event-target-shim-448,pkg:npm/event-target-shim,pkg:github/mysticatea/event-target-shim,https://registry.npmjs.org/event-target-shim,https://www.npmjs.com/package/event-target-shim,https://github.com/mysticatea/event-target-shim,Unhealthy,,,,No activity in 5 years,0,4K,Massive,0,Yes,No,?,Yes
rxjs,SPDXRef-Package-rxjs-943,pkg:npm/rxjs,pkg:github/reactivex/rxjs,https://registry.npmjs.org/rxjs,https://www.npmjs.com/package/rxjs,https://github.com/reactivex/rxjs,To be evaluated,shared repo,,,No activity in  14 months,0,70K,Massive,0,Yes,No,?,Yes
redux-logger,SPDXRef-Package-redux-logger-907,pkg:npm/redux-logger,pkg:github/LogRocket/redux-logger,https://registry.npmjs.org/redux-logger,https://www.npmjs.com/package/redux-logger,https://github.com/LogRocket/redux-logger,Unhealthy,,,,No activity in 7 years,0,500,Medium (less than 1M per week),1,Yes,No,?,Yes
stylis,SPDXRef-Package-stylis-1024,pkg:npm/stylis,pkg:github/thysultan/stylis.js,https://registry.npmjs.org/stylis,https://www.npmjs.com/package/stylis,https://github.com/thysultan/stylis.js,Healthy,,,,Low activity. A commit in the last 2 months.,1,2.1K,Massive,0,Yes,No,?,Yes
bs58,SPDXRef-Package-bs58-275,pkg:npm/bs58,pkg:github/cryptocoinjs/bs58,https://registry.npmjs.org/bs58,https://www.npmjs.com/package/bs58,https://github.com/cryptocoinjs/bs58,Healthy,,,,Low activity. Last commit 13 months ago.,0,50,Massive,1,Yes,No,?,Yes
union-value,SPDXRef-Package-union-value-1080,pkg:npm/union-value,pkg:github/jonschlinkert/union-value,https://registry.npmjs.org/union-value,https://www.npmjs.com/package/union-value,https://github.com/jonschlinkert/union-value,Unhealthy,,,,No commits in 7 years.,0,60,Massive,2,Yes,No,?,Yes
connect-flash,SPDXRef-Package-connect-flash-336,pkg:npm/connect-flash,pkg:github/jaredhanson/connect-flash,https://registry.npmjs.org/connect-flash,https://www.npmjs.com/package/connect-flash,https://github.com/jaredhanson/connect-flash,Unhealthy,,,,No commits in 6 years,0,300,Medium (less than 1M per week),0,Yes,No,?,Yes
onetime,SPDXRef-Package-onetime-808,pkg:npm/onetime,pkg:github/sindresorhus/onetime,https://registry.npmjs.org/onetime,https://www.npmjs.com/package/onetime,https://github.com/sindresorhus/onetime,Healthy,,,,Low activity. Last commit 4 months ago.,1,100,Massive,1,Yes,No,?,Yes
react-router-dom,SPDXRef-Package-react-router-dom-895,pkg:npm/react-router-dom,pkg:github/remix-run/react-router,https://registry.npmjs.org/react-router-dom,https://www.npmjs.com/package/react-router-dom,https://github.com/remix-run/react-router,To be evaluated,shared repo,,,,,,,,Yes,No,?,Yes
are-we-there-yet,SPDXRef-Package-are-we-there-yet-209,pkg:npm/are-we-there-yet,pkg:github/npm/are-we-there-yet,https://registry.npmjs.org/are-we-there-yet,https://www.npmjs.com/package/are-we-there-yet,https://github.com/npm/are-we-there-yet,To be evaluated,WRONG URL,,,,,,,,Yes,No,?,Yes
make-error,SPDXRef-Package-make-error-720,pkg:npm/make-error,pkg:github/JsCommunity/make-error,https://registry.npmjs.org/make-error,https://www.npmjs.com/package/make-error,https://github.com/JsCommunity/make-error,Unhealthy,,,,No commits in 5 years,0,300,Massive,0,Yes,No,?,Yes
hoist-non-react-statics,SPDXRef-Package-hoist-non-react-statics-551,pkg:npm/hoist-non-react-statics,pkg:github/mridgway/hoist-non-react-statics,https://registry.npmjs.org/hoist-non-react-statics,https://www.npmjs.com/package/hoist-non-react-statics,https://github.com/mridgway/hoist-non-react-statics,Unhealthy,,,,No commits in 6 years,0,370,Massive,1,Yes,No,?,Yes
ieee754,SPDXRef-Package-ieee754-567,pkg:npm/ieee754,pkg:github/feross/ieee754,https://registry.npmjs.org/ieee754,https://www.npmjs.com/package/ieee754,https://github.com/feross/ieee754,Unhealthy,,,,No commits in 5 years,0,130,Massive,0,Yes,No,?,Yes
shebang-command,SPDXRef-Package-shebang-command-968,pkg:npm/shebang-command,pkg:github/kevva/shebang-command,https://registry.npmjs.org/shebang-command,https://www.npmjs.com/package/shebang-command,https://github.com/kevva/shebang-command,Unhealthy,,,,No commits in 6 years,0,35,Massive,1,Yes,No,?,Yes
chokidar,SPDXRef-Package-chokidar-298,pkg:npm/chokidar,pkg:github/paulmillr/chokidar,https://registry.npmjs.org/chokidar,https://www.npmjs.com/package/chokidar,https://github.com/paulmillr/chokidar,Healthy,,,,Active. Recent activity.,3,3.2K,Massive,1,Yes,No,?,Yes
async-generator-function,SPDXRef-Package-async-generator-function-231,pkg:npm/async-generator-function,pkg:github/ljharb/async-generator-function,https://registry.npmjs.org/async-generator-function,https://www.npmjs.com/package/async-generator-function,https://github.com/ljharb/async-generator-function,Healthy,,,,Low activity. Last commit 5 months ago.,1,70,Massive,0,Yes,No,?,Yes
html-entities,SPDXRef-Package-html-entities-553,pkg:npm/html-entities,pkg:github/mdevils/html-entities,https://registry.npmjs.org/html-entities,https://www.npmjs.com/package/html-entities,https://github.com/mdevils/html-entities,Healthy,,,,Low activity. Last commit 14 months ago.,0,1.25K,Massive,0,Yes,No,?,Yes
es6-promise,SPDXRef-Package-es6-promise-429,pkg:npm/es6-promise,pkg:github/stefanpenner/es6-promise,https://registry.npmjs.org/es6-promise,https://www.npmjs.com/package/es6-promise,https://github.com/stefanpenner/es6-promise,Unhealthy,,,,No activity in 7 years,0,2K,Massive,0,Yes,No,?,Yes
@jridgewell/gen-mapping,SPDXRef-Package-jridgewell-gen-mapping-83,pkg:npm/%40jridgewell/gen-mapping,pkg:github/jridgewell/sourcemaps,https://registry.npmjs.org/@jridgewell/gen-mapping,https://www.npmjs.com/package/@jridgewell/gen-mapping,https://github.com/jridgewell/sourcemaps,Healthy,,,,Active. Recent activity.,3,10K,Massive,0,Yes,No,?,Yes
yargs-parser,SPDXRef-Package-yargs-parser-1143,pkg:npm/yargs-parser,pkg:github/yargs/yargs-parser,https://registry.npmjs.org/yargs-parser,https://www.npmjs.com/package/yargs-parser,https://github.com/yargs/yargs-parser,Healthy,,,,Low activity. Last commit 10 months ago.,1,5K,Massive,0,Yes,No,?,Yes
performance-now,SPDXRef-Package-performance-now-842,pkg:npm/performance-now,pkg:github/braveg1rl/performance-now,https://registry.npmjs.org/performance-now,https://www.npmjs.com/package/performance-now,https://github.com/braveg1rl/performance-now,To be evaluated,"no code available in the git repository, it seems someone reseted the git repo. Is this valid for the dataset?",,,,,,,,Yes,No,?,Yes
safe-regex-test,SPDXRef-Package-safe-regex-test-948,pkg:npm/safe-regex-test,pkg:github/ljharb/safe-regex-test,https://registry.npmjs.org/safe-regex-test,https://www.npmjs.com/package/safe-regex-test,https://github.com/ljharb/safe-regex-test,Healthy,,,,Low activity. Recent activity.,2,55,Massive,3,Yes,No,?,Yes
chardet,SPDXRef-Package-chardet-296,pkg:npm/chardet,pkg:github/runk/node-chardet,https://registry.npmjs.org/chardet,https://www.npmjs.com/package/chardet,https://github.com/runk/node-chardet,Healthy,,,,Low activity. Recent activity.,2,1.9K,Massive,0,Yes,No,?,Yes
regjsparser,SPDXRef-Package-regjsparser-919,pkg:npm/regjsparser,pkg:github/jviereck/regjsparser,https://registry.npmjs.org/regjsparser,https://www.npmjs.com/package/regjsparser,https://github.com/jviereck/regjsparser,Healthy,,,,Active. Recent activity.,4,1.6K,Massive,1,Yes,No,?,Yes
file-type,SPDXRef-Package-file-type-478,pkg:npm/file-type,pkg:github/sindresorhus/file-type,https://registry.npmjs.org/file-type,https://www.npmjs.com/package/file-type,https://github.com/sindresorhus/file-type,Healthy,,,,Active. Recent activity.,6,9K,Massive,4,Yes,No,?,Yes
esmangle-evaluator,SPDXRef-Package-esmangle-evaluator-439,pkg:npm/esmangle-evaluator,pkg:github/zertosh/esmangle-evaluator,https://registry.npmjs.org/esmangle-evaluator,https://www.npmjs.com/package/esmangle-evaluator,https://github.com/zertosh/esmangle-evaluator,Unhealthy,,,,No commits in 10 years,0,310,Tiny (13K week),0,Yes,No,?,Yes
acorn-walk,SPDXRef-Package-acorn-walk-192,pkg:npm/acorn-walk,pkg:github/acornjs/acorn,https://registry.npmjs.org/acorn-walk,https://www.npmjs.com/package/acorn-walk,https://github.com/acornjs/acorn,To be evaluated,shared repo,,,,,,,,Yes,No,?,Yes
uri-js,SPDXRef-Package-uri-js-1088,pkg:npm/uri-js,pkg:github/garycourt/uri-js,https://registry.npmjs.org/uri-js,https://www.npmjs.com/package/uri-js,https://github.com/garycourt/uri-js,Unhealthy,,,,Last commit 5 years ago,0,4.2K,Massive,1,Yes,No,?,Yes
@fastify/busboy,SPDXRef-Package-fastify-busboy-76,pkg:npm/%40fastify/busboy,pkg:github/fastify/busboy,https://registry.npmjs.org/@fastify/busboy,https://www.npmjs.com/package/@fastify/busboy,https://github.com/fastify/busboy,Healthy,,,,Active. Recent activity.,4,6K,Massive,0,Yes,No,?,Yes
snapdragon-util,SPDXRef-Package-snapdragon-util-984,pkg:npm/snapdragon-util,pkg:github/here-be/snapdragon-util,https://registry.npmjs.org/snapdragon-util,https://www.npmjs.com/package/snapdragon-util,https://github.com/here-be/snapdragon-util,Unhealthy,,,,No commits in 8 years,0,1.5K,Massive,1,Yes,No,?,Yes
@smithy/types,SPDXRef-Package-smithy-types-138,pkg:npm/%40smithy/types,pkg:github/smithy-lang/smithy-typescript,https://registry.npmjs.org/@smithy/types,https://www.npmjs.com/package/@smithy/types,https://github.com/smithy-lang/smithy-typescript,To be evaluated,shared repo?,,,,,,,,Yes,No,?,Yes
cache-base,SPDXRef-Package-cache-base-286,pkg:npm/cache-base,pkg:github/jonschlinkert/cache-base,https://registry.npmjs.org/cache-base,https://www.npmjs.com/package/cache-base,https://github.com/jonschlinkert/cache-base,Unhealthy,,,,No activity in 5 years,0,600,Massive,8,Yes,No,?,Yes
react-router,SPDXRef-Package-react-router-894,pkg:npm/react-router,pkg:github/remix-run/react-router,https://registry.npmjs.org/react-router,https://www.npmjs.com/package/react-router,https://github.com/remix-run/react-router,To be evaluated,shared repo,,,,,,Massive,41,Yes,No,?,Yes
parseurl,SPDXRef-Package-parseurl-827,pkg:npm/parseurl,pkg:github/pillarjs/parseurl,https://registry.npmjs.org/parseurl,https://www.npmjs.com/package/parseurl,https://github.com/pillarjs/parseurl,Healthy,,,,Low activity. Last commit 7 months ago,1,550,Massive,0,Yes,No,?,Yes
babel-loader,SPDXRef-Package-babel-loader-242,pkg:npm/babel-loader,pkg:github/babel/babel-loader,https://registry.npmjs.org/babel-loader,https://www.npmjs.com/package/babel-loader,https://github.com/babel/babel-loader,Healthy,,,,Active. Recent activity.,4,2.5K,Massive,1,Yes,No,?,Yes
@smithy/util-body-length-browser,SPDXRef-Package-smithy-util-body-length-browser-141,pkg:npm/%40smithy/util-body-length-browser,pkg:github/smithy-lang/smithy-typescript,https://registry.npmjs.org/@smithy/util-body-length-browser,https://www.npmjs.com/package/@smithy/util-body-length-browser,https://github.com/smithy-lang/smithy-typescript,To be evaluated,shared repo,,,,,,,,Yes,No,?,Yes
leven,SPDXRef-Package-leven-693,pkg:npm/leven,pkg:github/sindresorhus/leven,https://registry.npmjs.org/leven,https://www.npmjs.com/package/leven,https://github.com/sindresorhus/leven,Healthy,,,,Low activity. Last commit 9 months ago,1,270,Massive,0,Yes,No,?,Yes
classnames,SPDXRef-Package-classnames-306,pkg:npm/classnames,pkg:github/JedWatson/classnames,https://registry.npmjs.org/classnames,https://www.npmjs.com/package/classnames,https://github.com/JedWatson/classnames,Healthy,,,,Active. Recent activity.,1,600,Massive,0,Yes,No,?,Yes
unpipe,SPDXRef-Package-unpipe-1084,pkg:npm/unpipe,pkg:github/stream-utils/unpipe,https://registry.npmjs.org/unpipe,https://www.npmjs.com/package/unpipe,https://github.com/stream-utils/unpipe,Unhealthy,,,,No commits in 8 years.,0,175,Massive,0,Yes,No,?,Yes
@smithy/url-parser,SPDXRef-Package-smithy-url-parser-139,pkg:npm/%40smithy/url-parser,pkg:github/smithy-lang/smithy-typescript,https://registry.npmjs.org/@smithy/url-parser,https://www.npmjs.com/package/@smithy/url-parser,https://github.com/smithy-lang/smithy-typescript,To be evaluated,shared repo,,,,,,,,Yes,No,?,Yes
unbox-primitive,SPDXRef-Package-unbox-primitive-1070,pkg:npm/unbox-primitive,pkg:github/ljharb/unbox-primitive,https://registry.npmjs.org/unbox-primitive,https://www.npmjs.com/package/unbox-primitive,https://github.com/ljharb/unbox-primitive,Healthy,,,,Low activity. Last commit 6 months ago,1,90,Massive,4,Yes,No,?,Yes
to-fast-properties,SPDXRef-Package-to-fast-properties-1045,pkg:npm/to-fast-properties,pkg:github/sindresorhus/to-fast-properties,https://registry.npmjs.org/to-fast-properties,https://www.npmjs.com/package/to-fast-properties,https://github.com/sindresorhus/to-fast-properties,Unhealthy,,,,No commits in 5 years,0,50,Massive,0,Yes,No,?,Yes
levn,SPDXRef-Package-levn-694,pkg:npm/levn,pkg:github/gkz/levn,https://registry.npmjs.org/levn,https://www.npmjs.com/package/levn,https://github.com/gkz/levn,Unhealthy,,,,No commits in 3.5 years,0,500,Massive,2,Yes,No,?,Yes
define-property,SPDXRef-Package-define-property-381,pkg:npm/define-property,pkg:github/jonschlinkert/define-property,https://registry.npmjs.org/define-property,https://www.npmjs.com/package/define-property,https://github.com/jonschlinkert/define-property,Unhealthy,,,,No commits in 8 years.,0,135,Massive,2,Yes,No,?,Yes
media-typer,SPDXRef-Package-media-typer-727,pkg:npm/media-typer,pkg:github/jshttp/media-typer,https://registry.npmjs.org/media-typer,https://www.npmjs.com/package/media-typer,https://github.com/jshttp/media-typer,Healthy,,,,Active. Recent activity.,2,180,Massive,0,Yes,No,?,Yes
browser-stdout,SPDXRef-Package-browser-stdout-273,pkg:npm/browser-stdout,pkg:github/kumavis/browser-stdout,https://registry.npmjs.org/browser-stdout,https://www.npmjs.com/package/browser-stdout,https://github.com/kumavis/browser-stdout,Unhealthy,,,,No commits in 8 years.,0,20,Massive,0,Yes,No,?,Yes
schema-utils,SPDXRef-Package-schema-utils-953,pkg:npm/schema-utils,pkg:github/webpack/schema-utils,https://registry.npmjs.org/schema-utils,https://www.npmjs.com/package/schema-utils,https://github.com/webpack/schema-utils,Healthy,,,,Low activity. Last commit 5 months ago,1,4.8K,Massive,4,Yes,No,?,Yes
ecdsa-sig-formatter,SPDXRef-Package-ecdsa-sig-formatter-405,pkg:npm/ecdsa-sig-formatter,pkg:github/Brightspace/node-ecdsa-sig-formatter,https://registry.npmjs.org/ecdsa-sig-formatter,https://www.npmjs.com/package/ecdsa-sig-formatter,https://github.com/Brightspace/node-ecdsa-sig-formatter,Healthy,,,,Low activity. Last commit 6 months ago,1,500,Massive,1,Yes,No,?,Yes
safe-buffer,SPDXRef-Package-safe-buffer-945,pkg:npm/safe-buffer,pkg:github/feross/safe-buffer,https://registry.npmjs.org/safe-buffer,https://www.npmjs.com/package/safe-buffer,https://github.com/feross/safe-buffer,Unhealthy,,,,No commits in 6 years,0,200,Massive,0,Yes,No,?,Yes
http-parser-js,SPDXRef-Package-http-parser-js-558,pkg:npm/http-parser-js,pkg:github/creationix/http-parser-js,https://registry.npmjs.org/http-parser-js,https://www.npmjs.com/package/http-parser-js,https://github.com/creationix/http-parser-js,Unhealthy,,,,Low activity. No commits in 14 months.,0,12.5K,Massive,0,Yes,No,?,Yes
kleur,SPDXRef-Package-kleur-690,pkg:npm/kleur,pkg:github/lukeed/kleur,https://registry.npmjs.org/kleur,https://www.npmjs.com/package/kleur,https://github.com/lukeed/kleur,Unhealthy,,,,No commits in 4 years,0,500,Massive,0,Yes,No,?,Yes
is-absolute,SPDXRef-Package-is-absolute-589,pkg:npm/is-absolute,pkg:github/jonschlinkert/is-absolute,https://registry.npmjs.org/is-absolute,https://www.npmjs.com/package/is-absolute,https://github.com/jonschlinkert/is-absolute,Unhealthy,,,,No commits in 9 years,0,100,Massive,2,Yes,No,?,Yes
path,SPDXRef-Package-path-832,pkg:npm/path,pkg:github/jinder/path,https://registry.npmjs.org/path,https://www.npmjs.com/package/path,https://github.com/jinder/path,Unhealthy,,,,No commits in 11 years,0,410,Massive,2,Yes,No,?,Yes
http-errors,SPDXRef-Package-http-errors-557,pkg:npm/http-errors,pkg:github/jshttp/http-errors,https://registry.npmjs.org/http-errors,https://www.npmjs.com/package/http-errors,https://github.com/jshttp/http-errors,Healthy,,,,Low activity. Recent activity.,2,600,Massive,5,Yes,No,?,Yes
@types/yargs,SPDXRef-Package-types-yargs-184,pkg:npm/%40types/yargs,pkg:github/DefinitelyTyped/DefinitelyTyped,https://registry.npmjs.org/@types/yargs,https://www.npmjs.com/package/@types/yargs,https://github.com/DefinitelyTyped/DefinitelyTyped,To be evaluated,shared repo,,,,,,,,Yes,No,?,Yes
archy,SPDXRef-Package-archy-208,pkg:npm/archy,http://github.com/substack/node-archy,https://registry.npmjs.org/archy,https://www.npmjs.com/package/archy,http://github.com/substack/node-archy,To be evaluated,No code available. Is this valid for the dataset?,,,,,,,,Yes,No,?,Yes
@types/range-parser,SPDXRef-Package-types-range-parser-178,pkg:npm/%40types/range-parser,pkg:github/DefinitelyTyped/DefinitelyTyped,https://registry.npmjs.org/@types/range-parser,https://www.npmjs.com/package/@types/range-parser,https://github.com/DefinitelyTyped/DefinitelyTyped,To be evaluated,shared repo,,,,,,,,Yes,No,?,Yes
pump,SPDXRef-Package-pump-874,pkg:npm/pump,pkg:github/mafintosh/pump,https://registry.npmjs.org/pump,https://www.npmjs.com/package/pump,https://github.com/mafintosh/pump,Healthy,,,,Low activity. Recent activity.,1,160,Massive,2,Yes,No,?,Yes
whatwg-fetch,SPDXRef-Package-whatwg-fetch-1116,pkg:npm/whatwg-fetch,pkg:github/github/fetch,https://registry.npmjs.org/whatwg-fetch,https://www.npmjs.com/package/whatwg-fetch,https://github.com/github/fetch,Unhealthy,,,,No commits in 26 months,0,2.1K,Massive,0,Yes,No,?,Yes
jackspeak,SPDXRef-Package-jackspeak-649,pkg:npm/jackspeak,pkg:github/isaacs/jackspeak,https://registry.npmjs.org/jackspeak,https://www.npmjs.com/package/jackspeak,https://github.com/isaacs/jackspeak,Healthy,,,,Low activity. Last commit 4 months ago.,1,4.2K,Massive,1,Yes,No,?,Yes
lodash.uniq,SPDXRef-Package-lodash.uniq-711,pkg:npm/lodash.uniq,pkg:github/lodash/lodash,https://registry.npmjs.org/lodash.uniq,https://www.npmjs.com/package/lodash.uniq,https://github.com/lodash/lodash,Healthy,,,,Active. Recent activity.,7,64K,Massive,0,Yes,No,?,Yes
@humanwhocodes/config-array,SPDXRef-Package-humanwhocodes-config-array-78,pkg:npm/%40humanwhocodes/config-array,pkg:github/humanwhocodes/config-array,https://registry.npmjs.org/@humanwhocodes/config-array,https://www.npmjs.com/package/@humanwhocodes/config-array,https://github.com/humanwhocodes/config-array,Unhealthy,deprecated in 2024. Is this valid for the dataset?,,,No commits in 26 months,0,1.4K,?,3,Yes,No,?,Yes
prepend-http,SPDXRef-Package-prepend-http-857,pkg:npm/prepend-http,pkg:github/sindresorhus/prepend-http,https://registry.npmjs.org/prepend-http,https://www.npmjs.com/package/prepend-http,https://github.com/sindresorhus/prepend-http,Healthy,,,,Low activity. Last commit 9 months ago.,1,45,Massive,0,Yes,No,?,Yes
arg,SPDXRef-Package-arg-210,pkg:npm/arg,pkg:github/vercel/arg,https://registry.npmjs.org/arg,https://www.npmjs.com/package/arg,https://github.com/vercel/arg,Unhealthy,,,,Last commit 2.5 years ago,0,700,Massive,0,Yes,No,?,Yes
safe-push-apply,SPDXRef-Package-safe-push-apply-946,pkg:npm/safe-push-apply,pkg:github/ljharb/safe-push-apply,https://registry.npmjs.org/safe-push-apply,https://www.npmjs.com/package/safe-push-apply,https://github.com/ljharb/safe-push-apply,Healthy,,,,Low activity. Last commit 5 months ago.,1,40,Massive,2,Yes,No,?,Yes
underscore-stay,SPDXRef-Package-underscore-stay-1073,pkg:npm/underscore-stay,pkg:github/jashkenas/underscore,https://registry.npmjs.org/underscore-stay,https://www.npmjs.com/package/underscore-stay,https://github.com/jashkenas/underscore,Healthy,,,,Low activity. Last commit 2 months ago,2,15K,Minimum (2 per week),0,Yes,No,?,Yes
uuid,SPDXRef-Package-uuid-1098,pkg:npm/uuid,pkg:github/uuidjs/uuid,https://registry.npmjs.org/uuid,https://www.npmjs.com/package/uuid,https://github.com/uuidjs/uuid,Healthy,,,,Active. Recent activity.,5,3K,Massive,0,Yes,No,?,Yes
ms,SPDXRef-Package-ms-755,pkg:npm/ms,pkg:github/vercel/ms,https://registry.npmjs.org/ms,https://www.npmjs.com/package/ms,https://github.com/vercel/ms,Healthy,,,,Low activity. Last commit a months ago,2,200,Massive,0,Yes,No,?,Yes